{"cameraMode":{"drawMode":0,"name":"Shaded","section":"Shading Mode"},"sceneLighting":true,"audioPlay":false,"sceneViewState":{"showFog":true,"showMaterialUpdate":false,"showSkybox":true,"showFlares":true,"showImageEffects":true,"showParticleSystems":true},"in2DMode":false,"pivot":{"x":-29.363079071044923,"y":119.69513702392578,"z":-24.380462646484376},"rotation":{"x":0.0011577834375202656,"y":-0.9953151941299439,"z":0.09615436941385269,"w":0.012235304340720177},"size":263.10980224609377,"orthographic":false}